Sno,Accession ID,Description
,,
1,NZ_VINI01000004.1,"Klebsiella pneumoniae strain EN5275 4, whole genome shotgun sequence."
,,
2,NZ_VINI01000003.1,"Klebsiella pneumoniae strain EN5275 3, whole genome shotgun sequence."
,,
3,NZ_VINI01000002.1,"Klebsiella pneumoniae strain EN5275 2, whole genome shotgun sequence."
,,
4,NZ_VINI01000001.1,"Klebsiella pneumoniae strain EN5275 1, whole genome shotgun sequence."
,,
5,NZ_JAAGUA010000007.1,"Klebsiella pneumoniae strain EN5338 contig00007, whole genome shotgun sequence."
,,
6,NZ_JAAGUA010000006.1,"Klebsiella pneumoniae strain EN5338 contig00006, whole genome shotgun sequence."
,,
7,NZ_JAAGUA010000005.1,"Klebsiella pneumoniae strain EN5338 contig00005, whole genome shotgun sequence."
,,
8,NZ_JAAGUA010000004.1,"Klebsiella pneumoniae strain EN5338 contig00004, whole genome shotgun sequence."
,,
9,NZ_JAAGUA010000003.1,"Klebsiella pneumoniae strain EN5338 contig00003, whole genome shotgun sequence."
,,
10,NZ_JAAGUA010000002.1,"Klebsiella pneumoniae strain EN5338 contig00002, whole genome shotgun sequence."
,,
11,NZ_JAAGUA010000001.1,"Klebsiella pneumoniae strain EN5338 contig00001, whole genome shotgun sequence."
,,
12,NZ_JAGIZF010000007.1,"Klebsiella pneumoniae strain CIFT_K10 contig00007, whole genome shotgun sequence."
,,
13,NZ_JAGIZF010000006.1,"Klebsiella pneumoniae strain CIFT_K10 contig00006, whole genome shotgun sequence."
,,
14,NZ_JAGIZF010000005.1,"Klebsiella pneumoniae strain CIFT_K10 contig00005, whole genome shotgun sequence."
,,
15,NZ_JAGIZF010000004.1,"Klebsiella pneumoniae strain CIFT_K10 contig00004, whole genome shotgun sequence."
,,
16,NZ_JAGIZF010000003.1,"Klebsiella pneumoniae strain CIFT_K10 contig00003, whole genome shotgun sequence."
,,
17,NZ_JAGIZF010000002.1,"Klebsiella pneumoniae strain CIFT_K10 contig00002, whole genome shotgun sequence."
,,
18,NZ_JAGIZC010000005.1,"Klebsiella pneumoniae strain CIFT_K6 contig00005, whole genome shotgun sequence."
,,
19,NZ_JAGIZC010000004.1,"Klebsiella pneumoniae strain CIFT_K6 contig00004, whole genome shotgun sequence."
,,
20,NZ_JAGIZC010000003.1,"Klebsiella pneumoniae strain CIFT_K6 contig00003, whole genome shotgun sequence."
,,
21,NZ_JAGIZC010000002.1,"Klebsiella pneumoniae strain CIFT_K6 contig00002, whole genome shotgun sequence."
,,
22,NZ_JAGIZC010000001.1,"Klebsiella pneumoniae strain CIFT_K6 contig00001, whole genome shotgun sequence."
,,
23,NZ_JAGIZD010000007.1,"Klebsiella pneumoniae strain CIFT_K7 contig00007, whole genome shotgun sequence."
,,
24,NZ_JAGIZD010000006.1,"Klebsiella pneumoniae strain CIFT_K7 contig00006, whole genome shotgun sequence."
,,
25,NZ_JAGIZD010000005.1,"Klebsiella pneumoniae strain CIFT_K7 contig00005, whole genome shotgun sequence."
,,
26,NZ_JAGIZD010000004.1,"Klebsiella pneumoniae strain CIFT_K7 contig00004, whole genome shotgun sequence."
,,
27,NZ_JAGIZD010000003.1,"Klebsiella pneumoniae strain CIFT_K7 contig00003, whole genome shotgun sequence."
,,
28,NZ_JAGIZD010000002.1,"Klebsiella pneumoniae strain CIFT_K7 contig00002, whole genome shotgun sequence."
,,
29,NZ_JAGIZD010000001.1,"Klebsiella pneumoniae strain CIFT_K7 contig00001, whole genome shotgun sequence."
,,
30,NZ_JAGIZE010000006.1,"Klebsiella pneumoniae strain CIFT_K8 contig00006, whole genome shotgun sequence."
,,
31,NZ_JAGIZE010000005.1,"Klebsiella pneumoniae strain CIFT_K8 contig00005, whole genome shotgun sequence."
,,
32,NZ_JAGIZE010000004.1,"Klebsiella pneumoniae strain CIFT_K8 contig00004, whole genome shotgun sequence."
,,
33,NZ_JAGIZE010000003.1,"Klebsiella pneumoniae strain CIFT_K8 contig00003, whole genome shotgun sequence."
,,
34,NZ_JAGIZE010000002.1,"Klebsiella pneumoniae strain CIFT_K8 contig00002, whole genome shotgun sequence."
,,
35,NZ_JAGIZE010000001.1,"Klebsiella pneumoniae strain CIFT_K8 contig00001, whole genome shotgun sequence."
,,
36,NZ_JAARMG010000002.1,"Klebsiella pneumoniae strain BA28088 2, whole genome shotgun sequence."
,,
37,NZ_JAARMG010000001.1,"Klebsiella pneumoniae strain BA28088 1, whole genome shotgun sequence."
,,
38,NZ_JAARMI010000005.1,"Klebsiella pneumoniae strain BA4393 5, whole genome shotgun sequence."
,,
39,NZ_JAARMI010000004.1,"Klebsiella pneumoniae strain BA4393 4, whole genome shotgun sequence."
,,
40,NZ_JAARMI010000003.1,"Klebsiella pneumoniae strain BA4393 3, whole genome shotgun sequence."
,,
41,NZ_JAARMI010000002.1,"Klebsiella pneumoniae strain BA4393 2, whole genome shotgun sequence."
,,
42,NZ_JAARMI010000001.1,"Klebsiella pneumoniae strain BA4393 1, whole genome shotgun sequence."
,,
43,NZ_JAARMH010000007.1,"Klebsiella pneumoniae strain BA1602 7, whole genome shotgun sequence."
,,
44,NZ_JAARMH010000006.1,"Klebsiella pneumoniae strain BA1602 6, whole genome shotgun sequence."
,,
45,NZ_JAARMH010000005.1,"Klebsiella pneumoniae strain BA1602 5, whole genome shotgun sequence."
,,
46,NZ_JAARMH010000004.1,"Klebsiella pneumoniae strain BA1602 4, whole genome shotgun sequence."
,,
47,NZ_JAARMH010000003.1,"Klebsiella pneumoniae strain BA1602 3, whole genome shotgun sequence."
,,
48,NZ_JAARMH010000002.1,"Klebsiella pneumoniae strain BA1602 2, whole genome shotgun sequence."
,,
49,NZ_JAARMH010000001.1,"Klebsiella pneumoniae strain BA1602 1, whole genome shotgun sequence."
,,
50,NZ_JAAQTH010000007.1,"Klebsiella pneumoniae strain BA36749 7, whole genome shotgun sequence."
,,
51,NZ_JAAQTH010000006.1,"Klebsiella pneumoniae strain BA36749 6, whole genome shotgun sequence."
,,
52,NZ_JAAQTH010000005.1,"Klebsiella pneumoniae strain BA36749 5, whole genome shotgun sequence."
,,
53,NZ_JAAQTH010000004.1,"Klebsiella pneumoniae strain BA36749 4, whole genome shotgun sequence."
,,
54,NZ_JAAQTH010000003.1,"Klebsiella pneumoniae strain BA36749 3, whole genome shotgun sequence."
,,
55,NZ_JAAQTH010000002.1,"Klebsiella pneumoniae strain BA36749 2, whole genome shotgun sequence."
,,
56,NZ_JAAQSU010000007.1,"Klebsiella pneumoniae strain BA11905 7, whole genome shotgun sequence."
,,
57,NZ_JAAQSU010000006.1,"Klebsiella pneumoniae strain BA11905 6, whole genome shotgun sequence."
,,
58,NZ_JAAQSU010000005.1,"Klebsiella pneumoniae strain BA11905 5, whole genome shotgun sequence."
,,
59,NZ_JAAQSU010000004.1,"Klebsiella pneumoniae strain BA11905 4, whole genome shotgun sequence."
,,
60,NZ_JAAQSU010000003.1,"Klebsiella pneumoniae strain BA11905 3, whole genome shotgun sequence."
,,
61,NZ_JAAQSU010000002.1,"Klebsiella pneumoniae strain BA11905 2, whole genome shotgun sequence."
,,
62,NZ_JAAQSU010000001.1,"Klebsiella pneumoniae strain BA11905 1, whole genome shotgun sequence."
,,
63,NZ_JAAQSI010000004.1,"Klebsiella pneumoniae strain BP11474 4, whole genome shotgun sequence."
,,
64,NZ_JAAQSI010000003.1,"Klebsiella pneumoniae strain BP11474 3, whole genome shotgun sequence."
,,
65,NZ_JAAQSI010000002.1,"Klebsiella pneumoniae strain BP11474 2, whole genome shotgun sequence."
,,
66,NZ_JAAQSI010000001.1,"Klebsiella pneumoniae strain BP11474 1, whole genome shotgun sequence."
,,
67,NZ_JAAQSV010000004.1,"Klebsiella pneumoniae strain BA12949 4, whole genome shotgun sequence."
,,
68,NZ_JAAQSV010000003.1,"Klebsiella pneumoniae strain BA12949 3, whole genome shotgun sequence."
,,
69,NZ_JAAQSV010000002.1,"Klebsiella pneumoniae strain BA12949 2, whole genome shotgun sequence."
,,
70,NZ_JAAQSV010000001.1,"Klebsiella pneumoniae strain BA12949 1, whole genome shotgun sequence."
,,
71,NZ_JAAQTE010000007.1,"Klebsiella pneumoniae strain BA3635 7, whole genome shotgun sequence."
,,
72,NZ_JAAQTE010000006.1,"Klebsiella pneumoniae strain BA3635 6, whole genome shotgun sequence."
,,
73,NZ_JAAQTE010000005.1,"Klebsiella pneumoniae strain BA3635 5, whole genome shotgun sequence."
,,
74,NZ_JAAQTE010000004.1,"Klebsiella pneumoniae strain BA3635 4, whole genome shotgun sequence."
,,
75,NZ_JAAQTE010000003.1,"Klebsiella pneumoniae strain BA3635 3, whole genome shotgun sequence."
,,
76,NZ_JAAQTE010000002.1,"Klebsiella pneumoniae strain BA3635 2, whole genome shotgun sequence."
,,
77,NZ_JAAQTE010000001.1,"Klebsiella pneumoniae strain BA3635 1, whole genome shotgun sequence."
,,
78,NZ_JAAQTK010000007.1,"Klebsiella pneumoniae strain BA39950 7, whole genome shotgun sequence."
,,
79,NZ_JAAQTK010000006.1,"Klebsiella pneumoniae strain BA39950 6, whole genome shotgun sequence."
,,
80,NZ_JAAQTK010000005.1,"Klebsiella pneumoniae strain BA39950 5, whole genome shotgun sequence."
,,
81,NZ_JAAQTK010000004.1,"Klebsiella pneumoniae strain BA39950 4, whole genome shotgun sequence."
,,
82,NZ_JAAQTK010000003.1,"Klebsiella pneumoniae strain BA39950 3, whole genome shotgun sequence."
,,
83,NZ_JAAQTK010000002.1,"Klebsiella pneumoniae strain BA39950 2, whole genome shotgun sequence."
,,
84,NZ_JAAQTK010000001.1,"Klebsiella pneumoniae strain BA39950 1, whole genome shotgun sequence."
,,
85,NZ_JAAQTC010000006.1,"Klebsiella pneumoniae strain BA25425 6, whole genome shotgun sequence."
,,
86,NZ_JAAQTC010000005.1,"Klebsiella pneumoniae strain BA25425 5, whole genome shotgun sequence."
,,
87,NZ_JAAQTC010000004.1,"Klebsiella pneumoniae strain BA25425 4, whole genome shotgun sequence."
,,
88,NZ_JAAQTC010000003.1,"Klebsiella pneumoniae strain BA25425 3, whole genome shotgun sequence."
,,
89,NZ_JAAQTC010000002.1,"Klebsiella pneumoniae strain BA25425 2, whole genome shotgun sequence."
,,
90,NZ_JAAQTC010000001.1,"Klebsiella pneumoniae strain BA25425 1, whole genome shotgun sequence."
,,
91,NZ_JAAQSG010000006.1,"Klebsiella pneumoniae strain BA28118 6, whole genome shotgun sequence."
,,
92,NZ_JAAQSG010000005.1,"Klebsiella pneumoniae strain BA28118 5, whole genome shotgun sequence."
,,
93,NZ_JAAQSG010000004.1,"Klebsiella pneumoniae strain BA28118 4, whole genome shotgun sequence."
,,
94,NZ_JAAQSG010000003.1,"Klebsiella pneumoniae strain BA28118 3, whole genome shotgun sequence."
,,
95,NZ_JAAQSG010000002.1,"Klebsiella pneumoniae strain BA28118 2, whole genome shotgun sequence."
,,
96,NZ_JAAQSG010000001.1,"Klebsiella pneumoniae strain BA28118 1, whole genome shotgun sequence."
,,
97,NZ_JAAQSJ010000007.1,"Klebsiella pneumoniae strain BA18029 7, whole genome shotgun sequence."
,,
98,NZ_JAAQSJ010000006.1,"Klebsiella pneumoniae strain BA18029 6, whole genome shotgun sequence."
,,
99,NZ_JAAQSJ010000005.1,"Klebsiella pneumoniae strain BA18029 5, whole genome shotgun sequence."
,,
100,NZ_JAAQSJ010000004.1,"Klebsiella pneumoniae strain BA18029 4, whole genome shotgun sequence."
,,
101,NZ_JAAQSJ010000003.1,"Klebsiella pneumoniae strain BA18029 3, whole genome shotgun sequence."
,,
102,NZ_JAAQSJ010000002.1,"Klebsiella pneumoniae strain BA18029 2, whole genome shotgun sequence."
,,
103,NZ_JAAQSJ010000001.1,"Klebsiella pneumoniae strain BA18029 1, whole genome shotgun sequence."
,,
104,NZ_JAAQTF010000008.1,"Klebsiella pneumoniae strain BA6378 8, whole genome shotgun sequence."
,,
105,NZ_JAAQTF010000007.1,"Klebsiella pneumoniae strain BA6378 7, whole genome shotgun sequence."
,,
106,NZ_JAAQTF010000006.1,"Klebsiella pneumoniae strain BA6378 6, whole genome shotgun sequence."
,,
107,NZ_JAAQTF010000005.1,"Klebsiella pneumoniae strain BA6378 5, whole genome shotgun sequence."
,,
108,NZ_JAAQTF010000004.1,"Klebsiella pneumoniae strain BA6378 4, whole genome shotgun sequence."
,,
109,NZ_JAAQTF010000003.1,"Klebsiella pneumoniae strain BA6378 3, whole genome shotgun sequence."
,,
110,NZ_JAAQTF010000002.1,"Klebsiella pneumoniae strain BA6378 2, whole genome shotgun sequence."
,,
111,NZ_JAAQTF010000001.1,"Klebsiella pneumoniae strain BA6378 1, whole genome shotgun sequence."
,,
112,NZ_JAAQSN010000004.1,"Klebsiella pneumoniae strain BA6464 4, whole genome shotgun sequence."
,,
113,NZ_JAAQSN010000003.1,"Klebsiella pneumoniae strain BA6464 3, whole genome shotgun sequence."
,,
114,NZ_JAAQSN010000002.1,"Klebsiella pneumoniae strain BA6464 2, whole genome shotgun sequence."
,,
115,NZ_JAAQSN010000001.1,"Klebsiella pneumoniae strain BA6464 1, whole genome shotgun sequence."
,,
116,NZ_JAAQSP010000003.1,"Klebsiella pneumoniae strain BP1722 3, whole genome shotgun sequence."
,,
117,NZ_JAAQSP010000002.1,"Klebsiella pneumoniae strain BP1722 2, whole genome shotgun sequence."
,,
118,NZ_JAAQSP010000001.1,"Klebsiella pneumoniae strain BP1722 1, whole genome shotgun sequence."
,,
119,NZ_JAAQSZ010000005.1,"Klebsiella pneumoniae strain BA20978 5, whole genome shotgun sequence."
,,
120,NZ_JAAQSZ010000004.1,"Klebsiella pneumoniae strain BA20978 4, whole genome shotgun sequence."
,,
121,NZ_JAAQSZ010000003.1,"Klebsiella pneumoniae strain BA20978 3, whole genome shotgun sequence."
,,
122,NZ_JAAQSZ010000002.1,"Klebsiella pneumoniae strain BA20978 2, whole genome shotgun sequence."
,,
123,NZ_JAAQSZ010000001.1,"Klebsiella pneumoniae strain BA20978 1, whole genome shotgun sequence."
,,
124,NZ_JAAQSW010000006.1,"Klebsiella pneumoniae strain BA4439 6, whole genome shotgun sequence."
,,
125,NZ_JAAQSW010000005.1,"Klebsiella pneumoniae strain BA4439 5, whole genome shotgun sequence."
,,
126,NZ_JAAQSW010000004.1,"Klebsiella pneumoniae strain BA4439 4, whole genome shotgun sequence."
,,
127,NZ_JAAQSW010000003.1,"Klebsiella pneumoniae strain BA4439 3, whole genome shotgun sequence."
,,
128,NZ_JAAQSW010000002.1,"Klebsiella pneumoniae strain BA4439 2, whole genome shotgun sequence."
,,
129,NZ_JAAQSW010000001.1,"Klebsiella pneumoniae strain BA4439 1, whole genome shotgun sequence."
,,
130,NZ_JAAQTA010000004.1,"Klebsiella pneumoniae strain BP10616 4, whole genome shotgun sequence."
,,
131,NZ_JAAQTA010000003.1,"Klebsiella pneumoniae strain BP10616 3, whole genome shotgun sequence."
,,
132,NZ_JAAQSF010000006.1,"Klebsiella pneumoniae strain BA36541 6, whole genome shotgun sequence."
,,
133,NZ_JAAQTA010000002.1,"Klebsiella pneumoniae strain BP10616 2, whole genome shotgun sequence."
,,
134,NZ_JAAQSF010000005.1,"Klebsiella pneumoniae strain BA36541 5, whole genome shotgun sequence."
,,
135,NZ_JAAQTA010000001.1,"Klebsiella pneumoniae strain BP10616 1, whole genome shotgun sequence."
,,
136,NZ_JAAQSF010000004.1,"Klebsiella pneumoniae strain BA36541 4, whole genome shotgun sequence."
,,
137,NZ_JAAQSF010000003.1,"Klebsiella pneumoniae strain BA36541 3, whole genome shotgun sequence."
,,
138,NZ_JAAQSF010000002.1,"Klebsiella pneumoniae strain BA36541 2, whole genome shotgun sequence."
,,
139,NZ_JAAQSF010000001.1,"Klebsiella pneumoniae strain BA36541 1, whole genome shotgun sequence."
,,
140,NZ_JAAQSS010000006.1,"Klebsiella pneumoniae strain BA10334 6, whole genome shotgun sequence."
,,
141,NZ_JAAQSS010000005.1,"Klebsiella pneumoniae strain BA10334 5, whole genome shotgun sequence."
,,
142,NZ_JAAQSS010000004.1,"Klebsiella pneumoniae strain BA10334 4, whole genome shotgun sequence."
,,
143,NZ_JAAQSS010000003.1,"Klebsiella pneumoniae strain BA10334 3, whole genome shotgun sequence."
,,
144,NZ_JAAQSS010000002.1,"Klebsiella pneumoniae strain BA10334 2, whole genome shotgun sequence."
,,
145,NZ_JAAQSS010000001.1,"Klebsiella pneumoniae strain BA10334 1, whole genome shotgun sequence."
,,
146,NZ_JAAQSD010000008.1,"Klebsiella pneumoniae strain BA37787 8, whole genome shotgun sequence."
,,
147,NZ_JAAQSD010000007.1,"Klebsiella pneumoniae strain BA37787 7, whole genome shotgun sequence."
,,
148,NZ_JAAQSD010000006.1,"Klebsiella pneumoniae strain BA37787 6, whole genome shotgun sequence."
,,
149,NZ_JAAQSD010000005.1,"Klebsiella pneumoniae strain BA37787 5, whole genome shotgun sequence."
,,
150,NZ_JAAQSD010000004.1,"Klebsiella pneumoniae strain BA37787 4, whole genome shotgun sequence."
,,
151,NZ_JAAQSD010000003.1,"Klebsiella pneumoniae strain BA37787 3, whole genome shotgun sequence."
,,
152,NZ_JAAQSD010000002.1,"Klebsiella pneumoniae strain BA37787 2, whole genome shotgun sequence."
,,
153,NZ_JAAQSD010000001.1,"Klebsiella pneumoniae strain BA37787 1, whole genome shotgun sequence."
,,
154,NZ_JAAQTI010000008.1,"Klebsiella pneumoniae strain BA39824 8, whole genome shotgun sequence."
,,
155,NZ_JAAQTI010000007.1,"Klebsiella pneumoniae strain BA39824 7, whole genome shotgun sequence."
,,
156,NZ_JAAQTI010000006.1,"Klebsiella pneumoniae strain BA39824 6, whole genome shotgun sequence."
,,
157,NZ_JAAQTI010000005.1,"Klebsiella pneumoniae strain BA39824 5, whole genome shotgun sequence."
,,
158,NZ_JAAQTI010000004.1,"Klebsiella pneumoniae strain BA39824 4, whole genome shotgun sequence."
,,
159,NZ_JAAQTI010000003.1,"Klebsiella pneumoniae strain BA39824 3, whole genome shotgun sequence."
,,
160,NZ_JAAQTI010000002.1,"Klebsiella pneumoniae strain BA39824 2, whole genome shotgun sequence."
,,
161,NZ_JAAQTJ010000007.1,"Klebsiella pneumoniae strain BP19451 7, whole genome shotgun sequence."
,,
162,NZ_JAAQTJ010000006.1,"Klebsiella pneumoniae strain BP19451 6, whole genome shotgun sequence."
,,
163,NZ_JAAQTJ010000005.1,"Klebsiella pneumoniae strain BP19451 5, whole genome shotgun sequence."
,,
164,NZ_JAAQTJ010000004.1,"Klebsiella pneumoniae strain BP19451 4, whole genome shotgun sequence."
,,
165,NZ_JAAQTJ010000003.1,"Klebsiella pneumoniae strain BP19451 3, whole genome shotgun sequence."
,,
166,NZ_JAAQTJ010000002.1,"Klebsiella pneumoniae strain BP19451 2, whole genome shotgun sequence."
,,
167,NZ_JAAQTJ010000001.1,"Klebsiella pneumoniae strain BP19451 1, whole genome shotgun sequence."
,,
168,NZ_JAAQSK010000006.1,"Klebsiella pneumoniae strain BA17341 6, whole genome shotgun sequence."
,,
169,NZ_JAAQSK010000005.1,"Klebsiella pneumoniae strain BA17341 5, whole genome shotgun sequence."
,,
170,NZ_JAAQSK010000004.1,"Klebsiella pneumoniae strain BA17341 4, whole genome shotgun sequence."
,,
171,NZ_JAAQSK010000003.1,"Klebsiella pneumoniae strain BA17341 3, whole genome shotgun sequence."
,,
172,NZ_JAAQTB010000004.1,"Klebsiella pneumoniae strain BA24670 4, whole genome shotgun sequence."
,,
173,NZ_JAAQTB010000003.1,"Klebsiella pneumoniae strain BA24670 3, whole genome shotgun sequence."
,,
174,NZ_JAAQTB010000002.1,"Klebsiella pneumoniae strain BA24670 2, whole genome shotgun sequence."
,,
175,NZ_JAAQTB010000001.1,"Klebsiella pneumoniae strain BA24670 1, whole genome shotgun sequence."
,,
176,NZ_JAAQSY010000007.1,"Klebsiella pneumoniae strain BA18015 7, whole genome shotgun sequence."
,,
177,NZ_JAAQSY010000006.1,"Klebsiella pneumoniae strain BA18015 6, whole genome shotgun sequence."
,,
178,NZ_JAAQSY010000005.1,"Klebsiella pneumoniae strain BA18015 5, whole genome shotgun sequence."
,,
179,NZ_JAAQSY010000004.1,"Klebsiella pneumoniae strain BA18015 4, whole genome shotgun sequence."
,,
180,NZ_JAAQSY010000003.1,"Klebsiella pneumoniae strain BA18015 3, whole genome shotgun sequence."
,,
181,NZ_JAAQSY010000002.1,"Klebsiella pneumoniae strain BA18015 2, whole genome shotgun sequence."
,,
182,NZ_JAAQSY010000001.1,"Klebsiella pneumoniae strain BA18015 1, whole genome shotgun sequence."
,,
183,NZ_JAAQST010000004.1,"Klebsiella pneumoniae strain BP5065 4, whole genome shotgun sequence."
,,
184,NZ_JAAQST010000003.1,"Klebsiella pneumoniae strain BP5065 3, whole genome shotgun sequence."
,,
185,NZ_JAAQST010000002.1,"Klebsiella pneumoniae strain BP5065 2, whole genome shotgun sequence."
,,
186,NZ_JAAQST010000001.1,"Klebsiella pneumoniae strain BP5065 1, whole genome shotgun sequence."
,,
187,NZ_JAAQSQ010000007.1,"Klebsiella pneumoniae strain BA6008 7, whole genome shotgun sequence."
,,
188,NZ_JAAQSQ010000006.1,"Klebsiella pneumoniae strain BA6008 6, whole genome shotgun sequence."
,,
189,NZ_JAAQSQ010000005.1,"Klebsiella pneumoniae strain BA6008 5, whole genome shotgun sequence."
,,
190,NZ_JAAQSQ010000004.1,"Klebsiella pneumoniae strain BA6008 4, whole genome shotgun sequence."
,,
191,NZ_JAAQSQ010000003.1,"Klebsiella pneumoniae strain BA6008 3, whole genome shotgun sequence."
,,
192,NZ_JAAQSQ010000002.1,"Klebsiella pneumoniae strain BA6008 2, whole genome shotgun sequence."
,,
193,NZ_JAAQSQ010000001.1,"Klebsiella pneumoniae strain BA6008 1, whole genome shotgun sequence."
,,
194,NZ_JAAQSC010000008.1,"Klebsiella pneumoniae strain BP19430 8, whole genome shotgun sequence."
,,
195,NZ_JAAQSC010000007.1,"Klebsiella pneumoniae strain BP19430 7, whole genome shotgun sequence."
,,
196,NZ_JAAQSC010000006.1,"Klebsiella pneumoniae strain BP19430 6, whole genome shotgun sequence."
,,
197,NZ_JAAQSC010000005.1,"Klebsiella pneumoniae strain BP19430 5, whole genome shotgun sequence."
,,
198,NZ_JAAQSC010000004.1,"Klebsiella pneumoniae strain BP19430 4, whole genome shotgun sequence."
,,
199,NZ_JAAQSC010000003.1,"Klebsiella pneumoniae strain BP19430 3, whole genome shotgun sequence."
,,
200,NZ_JAAQSC010000002.1,"Klebsiella pneumoniae strain BP19430 2, whole genome shotgun sequence."
,,
201,NZ_JAAQSM010000007.1,"Klebsiella pneumoniae strain BA9344 7, whole genome shotgun sequence."
,,
202,NZ_JAAQSM010000006.1,"Klebsiella pneumoniae strain BA9344 6, whole genome shotgun sequence."
,,
203,NZ_JAAQSM010000005.1,"Klebsiella pneumoniae strain BA9344 5, whole genome shotgun sequence."
,,
204,NZ_JAAQSM010000004.1,"Klebsiella pneumoniae strain BA9344 4, whole genome shotgun sequence."
,,
205,NZ_JAAQSM010000003.1,"Klebsiella pneumoniae strain BA9344 3, whole genome shotgun sequence."
,,
206,NZ_JAAQSM010000002.1,"Klebsiella pneumoniae strain BA9344 2, whole genome shotgun sequence."
,,
207,NZ_JAAQSM010000001.1,"Klebsiella pneumoniae strain BA9344 1, whole genome shotgun sequence."
,,
208,NZ_JAAQSX010000007.1,"Klebsiella pneumoniae strain BA17989 7, whole genome shotgun sequence."
,,
209,NZ_JAAQSX010000006.1,"Klebsiella pneumoniae strain BA17989 6, whole genome shotgun sequence."
,,
210,NZ_JAAQSX010000005.1,"Klebsiella pneumoniae strain BA17989 5, whole genome shotgun sequence."
,,
211,NZ_JAAQSX010000004.1,"Klebsiella pneumoniae strain BA17989 4, whole genome shotgun sequence."
,,
212,NZ_JAAQSX010000003.1,"Klebsiella pneumoniae strain BA17989 3, whole genome shotgun sequence."
,,
213,NZ_JAAQSX010000002.1,"Klebsiella pneumoniae strain BA17989 2, whole genome shotgun sequence."
,,
214,NZ_JAAQSX010000001.1,"Klebsiella pneumoniae strain BA17989 1, whole genome shotgun sequence."
,,
215,NZ_JAAQSB010000008.1,"Klebsiella pneumoniae strain BA39576 8, whole genome shotgun sequence."
,,
216,NZ_JAAQSB010000007.1,"Klebsiella pneumoniae strain BA39576 7, whole genome shotgun sequence."
,,
217,NZ_JAAQSB010000006.1,"Klebsiella pneumoniae strain BA39576 6, whole genome shotgun sequence."
,,
218,NZ_JAAQSB010000005.1,"Klebsiella pneumoniae strain BA39576 5, whole genome shotgun sequence."
,,
219,NZ_JAAQSB010000004.1,"Klebsiella pneumoniae strain BA39576 4, whole genome shotgun sequence."
,,
220,NZ_JAAQSB010000003.1,"Klebsiella pneumoniae strain BA39576 3, whole genome shotgun sequence."
,,
221,NZ_JAAQSB010000002.1,"Klebsiella pneumoniae strain BA39576 2, whole genome shotgun sequence."
,,
222,NZ_JAAQSB010000001.1,"Klebsiella pneumoniae strain BA39576 1, whole genome shotgun sequence."
,,
223,NZ_JAAQSE010000004.1,"Klebsiella pneumoniae strain BA37082 4, whole genome shotgun sequence."
,,
224,NZ_JAAQSE010000003.1,"Klebsiella pneumoniae strain BA37082 3, whole genome shotgun sequence."
,,
225,NZ_JAAQSE010000002.1,"Klebsiella pneumoniae strain BA37082 2, whole genome shotgun sequence."
,,
226,NZ_JAAQSE010000001.1,"Klebsiella pneumoniae strain BA37082 1, whole genome shotgun sequence."
,,
227,NZ_JAAQTD010000006.1,"Klebsiella pneumoniae strain BA25665 6, whole genome shotgun sequence."
,,
228,NZ_JAAQTD010000005.1,"Klebsiella pneumoniae strain BA25665 5, whole genome shotgun sequence."
,,
229,NZ_JAAQTD010000004.1,"Klebsiella pneumoniae strain BA25665 4, whole genome shotgun sequence."
,,
230,NZ_JAAQTD010000003.1,"Klebsiella pneumoniae strain BA25665 3, whole genome shotgun sequence."
,,
231,NZ_JAAQTD010000002.1,"Klebsiella pneumoniae strain BA25665 2, whole genome shotgun sequence."
,,
232,NZ_JAAQTD010000001.1,"Klebsiella pneumoniae strain BA25665 1, whole genome shotgun sequence."
,,
233,NZ_JACWHM010000005.1,"Klebsiella pneumoniae strain BA9984 5, whole genome shotgun sequence."
,,
234,NZ_JACWHM010000004.1,"Klebsiella pneumoniae strain BA9984 4, whole genome shotgun sequence."
,,
235,NZ_JACWHM010000003.1,"Klebsiella pneumoniae strain BA9984 3, whole genome shotgun sequence."
,,
236,NZ_JACWHM010000002.1,"Klebsiella pneumoniae strain BA9984 2, whole genome shotgun sequence."
,,
237,NZ_JACWHM010000001.1,"Klebsiella pneumoniae strain BA9984 1, whole genome shotgun sequence."
,,
238,NZ_JACWMV010000006.1,"Klebsiella pneumoniae strain BA27458 6, whole genome shotgun sequence."
,,
239,NZ_JACWMV010000005.1,"Klebsiella pneumoniae strain BA27458 5, whole genome shotgun sequence."
,,
240,NZ_JACWMV010000004.1,"Klebsiella pneumoniae strain BA27458 4, whole genome shotgun sequence."
,,
241,NZ_JACWMV010000003.1,"Klebsiella pneumoniae strain BA27458 3, whole genome shotgun sequence."
,,
242,NZ_JACWMV010000002.1,"Klebsiella pneumoniae strain BA27458 2, whole genome shotgun sequence."
,,
243,NZ_JACWMV010000001.1,"Klebsiella pneumoniae strain BA27458 1, whole genome shotgun sequence."
,,
244,NZ_JACWMU010000004.1,"Klebsiella pneumoniae strain FF2295 4, whole genome shotgun sequence."
,,
245,NZ_JACWMU010000003.1,"Klebsiella pneumoniae strain FF2295 3, whole genome shotgun sequence."
,,
246,NZ_JACWMU010000002.1,"Klebsiella pneumoniae strain FF2295 2, whole genome shotgun sequence."
,,
247,NZ_JADDTT010000005.1,"Klebsiella pneumoniae strain B6753 5, whole genome shotgun sequence."
,,
248,NZ_JADDTT010000004.1,"Klebsiella pneumoniae strain B6753 4, whole genome shotgun sequence."
,,
249,NZ_JADDTT010000003.1,"Klebsiella pneumoniae strain B6753 3, whole genome shotgun sequence."
,,
250,NZ_JADDTT010000002.1,"Klebsiella pneumoniae strain B6753 2, whole genome shotgun sequence."
,,
251,NZ_JADDTT010000001.1,"Klebsiella pneumoniae strain B6753 1, whole genome shotgun sequence."
,,
252,NZ_JACWMQ010000008.1,"Klebsiella pneumoniae strain BA4072 8, whole genome shotgun sequence."
,,
253,NZ_JACWMQ010000007.1,"Klebsiella pneumoniae strain BA4072 7, whole genome shotgun sequence."
,,
254,NZ_JACWMQ010000006.1,"Klebsiella pneumoniae strain BA4072 6, whole genome shotgun sequence."
,,
255,NZ_JACWMQ010000005.1,"Klebsiella pneumoniae strain BA4072 5, whole genome shotgun sequence."
,,
256,NZ_JACWMQ010000004.1,"Klebsiella pneumoniae strain BA4072 4, whole genome shotgun sequence."
,,
257,NZ_JACWMQ010000003.1,"Klebsiella pneumoniae strain BA4072 3, whole genome shotgun sequence."
,,
258,NZ_JACWMQ010000002.1,"Klebsiella pneumoniae strain BA4072 2, whole genome shotgun sequence."
,,
259,NZ_JACWMQ010000001.1,"Klebsiella pneumoniae strain BA4072 1, whole genome shotgun sequence."
,,
260,NZ_JACWMP010000007.1,"Klebsiella pneumoniae strain BA31746 7, whole genome shotgun sequence."
,,
261,NZ_JACWMP010000006.1,"Klebsiella pneumoniae strain BA31746 6, whole genome shotgun sequence."
,,
262,NZ_JACWMP010000005.1,"Klebsiella pneumoniae strain BA31746 5, whole genome shotgun sequence."
,,
263,NZ_JACWMP010000004.1,"Klebsiella pneumoniae strain BA31746 4, whole genome shotgun sequence."
,,
264,NZ_JACWMP010000003.1,"Klebsiella pneumoniae strain BA31746 3, whole genome shotgun sequence."
,,
265,NZ_JACWMP010000002.1,"Klebsiella pneumoniae strain BA31746 2, whole genome shotgun sequence."
,,
266,NZ_JACWMP010000001.1,"Klebsiella pneumoniae strain BA31746 1, whole genome shotgun sequence."
,,
267,NZ_JACWMR010000007.1,"Klebsiella pneumoniae strain BA23183 7, whole genome shotgun sequence."
,,
268,NZ_JACWMR010000006.1,"Klebsiella pneumoniae strain BA23183 6, whole genome shotgun sequence."
,,
269,NZ_JACWMR010000005.1,"Klebsiella pneumoniae strain BA23183 5, whole genome shotgun sequence."
,,
270,NZ_JACWMR010000004.1,"Klebsiella pneumoniae strain BA23183 4, whole genome shotgun sequence."
,,
271,NZ_JACWMR010000003.1,"Klebsiella pneumoniae strain BA23183 3, whole genome shotgun sequence."
,,
272,NZ_JACWMR010000002.1,"Klebsiella pneumoniae strain BA23183 2, whole genome shotgun sequence."
,,
273,NZ_JACWMR010000001.1,"Klebsiella pneumoniae strain BA23183 1, whole genome shotgun sequence."
,,
274,NZ_JACWMO010000006.1,"Klebsiella pneumoniae strain BA24831 6, whole genome shotgun sequence."
,,
275,NZ_JACWMO010000005.1,"Klebsiella pneumoniae strain BA24831 5, whole genome shotgun sequence."
,,
276,NZ_JACWMO010000004.1,"Klebsiella pneumoniae strain BA24831 4, whole genome shotgun sequence."
,,
277,NZ_JACWMO010000003.1,"Klebsiella pneumoniae strain BA24831 3, whole genome shotgun sequence."
,,
278,NZ_JACWMO010000002.1,"Klebsiella pneumoniae strain BA24831 2, whole genome shotgun sequence."
,,
279,NZ_JACWMO010000001.1,"Klebsiella pneumoniae strain BA24831 1, whole genome shotgun sequence."
,,
280,NZ_PUIG01000001.1,"Klebsiella pneumoniae strain BP737 NODE_1_length_465730_cov_106.692_ID_1, whole genome shotgun sequence."
,,
281,NZ_PPXS01000001.1,"Klebsiella pneumoniae strain BA29256 NODE_1_length_555686_cov_70.6792_ID_1, whole genome shotgun sequence."
,,
282,NZ_NXFM01000005.1,"Klebsiella pneumoniae strain C17 NODE_5_length_300261_cov_29.7789_ID_9, whole genome shotgun sequence."
,,
283,NZ_NXFM01000004.1,"Klebsiella pneumoniae strain C17 NODE_4_length_319087_cov_33.7388_ID_7, whole genome shotgun sequence."
,,
284,NZ_NXFM01000003.1,"Klebsiella pneumoniae strain C17 NODE_3_length_337773_cov_47.7032_ID_5, whole genome shotgun sequence."
,,
285,NZ_NXFM01000002.1,"Klebsiella pneumoniae strain C17 NODE_2_length_355013_cov_41.1638_ID_3, whole genome shotgun sequence."
,,
286,NZ_NXFM01000001.1,"Klebsiella pneumoniae strain C17 NODE_1_length_388294_cov_36.3526_ID_1, whole genome shotgun sequence."
,,
287,NZ_NXDR01000004.1,"Klebsiella pneumoniae strain C5 NODE_4_length_300210_cov_51.0139_ID_7, whole genome shotgun sequence."
,,
288,NZ_NXDR01000003.1,"Klebsiella pneumoniae strain C5 NODE_3_length_333110_cov_47.3241_ID_5, whole genome shotgun sequence."
,,
289,NZ_NXDR01000002.1,"Klebsiella pneumoniae strain C5 NODE_2_length_337771_cov_71.9659_ID_3, whole genome shotgun sequence."
,,
290,NZ_NXDR01000001.1,"Klebsiella pneumoniae strain C5 NODE_1_length_526511_cov_57.1642_ID_1, whole genome shotgun sequence."
,,
291,NZ_NXFN01000004.1,"Klebsiella pneumoniae strain C18 NODE_4_length_300215_cov_31.3508_ID_7, whole genome shotgun sequence."
,,
292,NZ_NXFN01000003.1,"Klebsiella pneumoniae strain C18 NODE_3_length_309081_cov_30.7111_ID_5, whole genome shotgun sequence."
,,
293,NZ_NXFN01000002.1,"Klebsiella pneumoniae strain C18 NODE_2_length_337766_cov_46.2946_ID_3, whole genome shotgun sequence."
,,
294,NZ_NXFN01000001.1,"Klebsiella pneumoniae strain C18 NODE_1_length_526660_cov_35.8133_ID_1, whole genome shotgun sequence."
,,
295,NZ_NXFL01000001.1,"Klebsiella pneumoniae strain C16 NODE_1_length_328886_cov_28.1509_ID_1, whole genome shotgun sequence."
,,
296,NZ_NXFO01000001.1,"Klebsiella pneumoniae strain C22 NODE_1_length_337767_cov_34.5408_ID_1, whole genome shotgun sequence."
,,
297,NZ_NWUP01000004.1,"Klebsiella pneumoniae strain C1 NODE_4_length_300183_cov_55.5975_ID_7, whole genome shotgun sequence."
,,
298,NZ_NWUP01000003.1,"Klebsiella pneumoniae strain C1 NODE_3_length_337772_cov_88.8787_ID_5, whole genome shotgun sequence."
,,
299,NZ_NWUP01000002.1,"Klebsiella pneumoniae strain C1 NODE_2_length_362641_cov_61.7161_ID_3, whole genome shotgun sequence."
,,
300,NZ_NWUP01000001.1,"Klebsiella pneumoniae strain C1 NODE_1_length_388289_cov_66.8655_ID_1, whole genome shotgun sequence."
,,
301,NZ_NRIS01000004.1,"Enterobacter cloacae strain EspIMS6 NODE_4_length_305921_cov_97.7792_ID_7, whole genome shotgun sequence."
,,
302,NZ_NRIS01000003.1,"Enterobacter cloacae strain EspIMS6 NODE_3_length_312472_cov_71.2439_ID_5, whole genome shotgun sequence."
,,
303,NZ_NRIS01000002.1,"Enterobacter cloacae strain EspIMS6 NODE_2_length_335289_cov_104.182_ID_3, whole genome shotgun sequence."
,,
304,NZ_NRIS01000001.1,"Enterobacter cloacae strain EspIMS6 NODE_1_length_340399_cov_126.162_ID_1, whole genome shotgun sequence."
,,
305,NZ_JAFFRF010000001.1,"Klebsiella pneumoniae strain SBS6 NODE_1_length_304000_cov_84.636020, whole genome shotgun sequence."
,,
306,NZ_JAFFRJ010000002.1,"Klebsiella pneumoniae strain SBS1 NODE_2_length_386878_cov_68.658037, whole genome shotgun sequence."
,,
307,NZ_JAFFRJ010000001.1,"Klebsiella pneumoniae strain SBS1 NODE_1_length_410019_cov_67.185558, whole genome shotgun sequence."
,,
308,NZ_JAFFQZ010000002.1,"Klebsiella pneumoniae strain SBS12 NODE_2_length_378852_cov_190.979620, whole genome shotgun sequence."
,,
309,NZ_JAFFQZ010000001.1,"Klebsiella pneumoniae strain SBS12 NODE_1_length_431013_cov_167.028232, whole genome shotgun sequence."
,,
310,NZ_JAFFRI010000002.1,"Klebsiella pneumoniae strain SBS3 NODE_2_length_340458_cov_68.219795, whole genome shotgun sequence."
,,
311,NZ_JAFFRI010000001.1,"Klebsiella pneumoniae strain SBS3 NODE_1_length_626009_cov_69.986652, whole genome shotgun sequence."
,,
312,NZ_JAFFRG010000001.1,"Klebsiella pneumoniae strain SBS5 NODE_1_length_349449_cov_256.932910, whole genome shotgun sequence."
,,
313,NZ_QCZC01000003.1,"Klebsiella pneumoniae strain EN5269 NODE_3_length_351384_cov_11.4493_pilon, whole genome shotgun sequence."
,,
314,NZ_QCZC01000002.1,"Klebsiella pneumoniae strain EN5269 NODE_2_length_356455_cov_14.5444_pilon, whole genome shotgun sequence."
,,
315,NZ_QCZC01000001.1,"Klebsiella pneumoniae strain EN5269 NODE_1_length_453461_cov_13.4545_pilon, whole genome shotgun sequence."
,,
316,NZ_QCZB01000004.1,"Klebsiella pneumoniae strain EN5261 NODE_4_length_341683_cov_16.3455_pilon, whole genome shotgun sequence."
,,
317,NZ_QCZB01000003.1,"Klebsiella pneumoniae strain EN5261 NODE_3_length_431683_cov_15.3898_pilon, whole genome shotgun sequence."
,,
318,NZ_QCZB01000002.1,"Klebsiella pneumoniae strain EN5261 NODE_2_length_453685_cov_15.0924_pilon, whole genome shotgun sequence."
,,
319,NZ_PYWD01000005.1,"Klebsiella pneumoniae strain EN5226 NODE_5_length_351707_cov_21.0486_pilon, whole genome shotgun sequence."
,,
320,NZ_PYWD01000004.1,"Klebsiella pneumoniae strain EN5226 NODE_4_length_386989_cov_27.7464_pilon, whole genome shotgun sequence."
,,
321,NZ_PYWD01000003.1,"Klebsiella pneumoniae strain EN5226 NODE_3_length_431683_cov_26.2739_pilon, whole genome shotgun sequence."
,,
322,NZ_PYWD01000002.1,"Klebsiella pneumoniae strain EN5226 NODE_2_length_576023_cov_26.9317_pilon, whole genome shotgun sequence."
,,
323,NZ_PYWD01000001.1,"Klebsiella pneumoniae strain EN5226 NODE_1_length_709639_cov_25.4095_pilon, whole genome shotgun sequence."
,,
324,NZ_PYWE01000005.1,"Klebsiella pneumoniae strain EN5271 NODE_5_length_363042_cov_21.5621_pilon, whole genome shotgun sequence."
,,
325,NZ_PYWE01000004.1,"Klebsiella pneumoniae strain EN5271 NODE_4_length_400212_cov_17.3251_pilon, whole genome shotgun sequence."
,,
326,NZ_PYWE01000003.1,"Klebsiella pneumoniae strain EN5271 NODE_3_length_413317_cov_17.8005_pilon, whole genome shotgun sequence."
,,
327,NZ_PYWE01000002.1,"Klebsiella pneumoniae strain EN5271 NODE_2_length_431683_cov_20.0817_pilon, whole genome shotgun sequence."
,,
328,NZ_QGHI01000008.1,"Klebsiella pneumoniae strain HPCN5 Scaffold_8, whole genome shotgun sequence."
,,
329,NZ_QGHI01000007.1,"Klebsiella pneumoniae strain HPCN5 Scaffold_7, whole genome shotgun sequence."
,,
330,NZ_QGHI01000006.1,"Klebsiella pneumoniae strain HPCN5 Scaffold_6, whole genome shotgun sequence."
,,
331,NZ_QGHI01000005.1,"Klebsiella pneumoniae strain HPCN5 Scaffold_5, whole genome shotgun sequence."
,,
332,NZ_QGHI01000004.1,"Klebsiella pneumoniae strain HPCN5 Scaffold_4, whole genome shotgun sequence."
,,
333,NZ_QGHI01000003.1,"Klebsiella pneumoniae strain HPCN5 Scaffold_3, whole genome shotgun sequence."
,,
334,NZ_QGHI01000002.1,"Klebsiella pneumoniae strain HPCN5 Scaffold_2, whole genome shotgun sequence."
,,
335,NZ_QGHI01000001.1,"Klebsiella pneumoniae strain HPCN5 Scaffold_1, whole genome shotgun sequence."
,,
336,NZ_VSLB01000007.1,"Klebsiella pneumoniae strain EN5153 NODE_7_length_301627_cov_19.3703_pilon_SHARMI-696, whole genome shotgun sequence."
,,
337,NZ_VSLB01000006.1,"Klebsiella pneumoniae strain EN5153 NODE_6_length_311859_cov_17.5833_pilon_SHARMI-696, whole genome shotgun sequence."
,,
338,NZ_VSLB01000005.1,"Klebsiella pneumoniae strain EN5153 NODE_5_length_349688_cov_18.982_pilon_SHARMI-696, whole genome shotgun sequence."
,,
339,NZ_VSLB01000004.1,"Klebsiella pneumoniae strain EN5153 NODE_4_length_368625_cov_16.1785_pilon_SHARMI-696, whole genome shotgun sequence."
,,
340,NZ_VSLB01000003.1,"Klebsiella pneumoniae strain EN5153 NODE_3_length_372725_cov_19.5744_pilon_SHARMI-696, whole genome shotgun sequence."
,,
341,NZ_VSLB01000002.1,"Klebsiella pneumoniae strain EN5153 NODE_2_length_416084_cov_17.6587_pilon_SHARMI-696, whole genome shotgun sequence."
,,
342,NZ_VSLB01000001.1,"Klebsiella pneumoniae strain EN5153 NODE_1_length_776085_cov_18.0734_pilon_SHARMI-696, whole genome shotgun sequence."
,,
343,NZ_WMCH01000181.1,"Klebsiella pneumoniae strain EN5218 NODE_93_length_475005_cov_104.568138, whole genome shotgun sequence."
,,
344,NZ_WMCH01000180.1,"Klebsiella pneumoniae strain EN5218 NODE_260_length_366704_cov_106.232872, whole genome shotgun sequence."
,,
345,NZ_WMCH01000179.1,"Klebsiella pneumoniae strain EN5218 NODE_333_length_364348_cov_107.839783, whole genome shotgun sequence."
,,
346,NZ_WMCH01000178.1,"Klebsiella pneumoniae strain EN5218 NODE_38_length_359257_cov_106.377838, whole genome shotgun sequence."
,,
347,NZ_WMCH01000177.1,"Klebsiella pneumoniae strain EN5218 NODE_39_length_357081_cov_102.568260, whole genome shotgun sequence."
,,
348,NZ_VSJI01000002.1,"Klebsiella pneumoniae strain EN5339 NODE_2_len_443967_cov_15.118_pilon_SHARMI-1096, whole genome shotgun sequence."
,,
349,NZ_VSJI01000001.1,"Klebsiella pneumoniae strain EN5339 NODE_1_len_466650_cov_14.8015_pilon_SHARMI-1096, whole genome shotgun sequence."
,,
350,NZ_VSLC01000003.1,"Klebsiella pneumoniae strain EN5199 NODE_3_length_350526_cov_17.4146_pilon_SHARMI-811, whole genome shotgun sequence."
,,
351,NZ_VSLC01000002.1,"Klebsiella pneumoniae strain EN5199 NODE_2_length_444809_cov_18.3414_pilon_SHARMI-811, whole genome shotgun sequence."
,,
352,NZ_JAENDH010000004.1,"Klebsiella pneumoniae strain H62 scaffold00004, whole genome shotgun sequence."
,,
353,NZ_JAENDH010000003.1,"Klebsiella pneumoniae strain H62 scaffold00003, whole genome shotgun sequence."
,,
354,NZ_JAENDH010000002.1,"Klebsiella pneumoniae strain H62 scaffold00002, whole genome shotgun sequence."
,,
355,NZ_JAENDH010000001.1,"Klebsiella pneumoniae strain H62 scaffold00001, whole genome shotgun sequence."
,,
356,NZ_JAENDG010000001.1,"Klebsiella pneumoniae strain H53 scaffold00001, whole genome shotgun sequence."
,,
357,NZ_JADWZT010000002.1,"Klebsiella pneumoniae strain NKP30 NODE_2_length_372635_cov_81.4164_ID_3, whole genome shotgun sequence."
,,
358,NZ_JADWZT010000001.1,"Klebsiella pneumoniae strain NKP30 NODE_1_length_451877_cov_113.025_ID_1, whole genome shotgun sequence."
,,
359,NZ_JADWPG010000006.1,"Klebsiella pneumoniae strain IR27 Klebsiella_pneumoniae_IR27_Contig_6, whole genome shotgun sequence."
,,
360,NZ_JADWPG010000005.1,"Klebsiella pneumoniae strain IR27 Klebsiella_pneumoniae_IR27_Contig_5, whole genome shotgun sequence."
,,
361,NZ_JADWPG010000004.1,"Klebsiella pneumoniae strain IR27 Klebsiella_pneumoniae_IR27_Contig_4, whole genome shotgun sequence."
,,
362,NZ_JADWPG010000003.1,"Klebsiella pneumoniae strain IR27 Klebsiella_pneumoniae_IR27_Contig_3, whole genome shotgun sequence."
,,
363,NZ_QNQQ01000007.1,"Klebsiella pneumoniae strain HPCN22 Scaffold_7, whole genome shotgun sequence."
,,
364,NZ_QNQQ01000006.1,"Klebsiella pneumoniae strain HPCN22 Scaffold_6, whole genome shotgun sequence."
,,
365,NZ_QNQQ01000005.1,"Klebsiella pneumoniae strain HPCN22 Scaffold_5, whole genome shotgun sequence."
,,
366,NZ_QNQQ01000004.1,"Klebsiella pneumoniae strain HPCN22 Scaffold_4, whole genome shotgun sequence."
,,
367,NZ_QNQQ01000003.1,"Klebsiella pneumoniae strain HPCN22 Scaffold_3, whole genome shotgun sequence."
,,
368,NZ_QNQQ01000001.1,"Klebsiella pneumoniae strain HPCN22 Scaffold_1, whole genome shotgun sequence."
,,
369,NZ_JACORD010000010.1,"Klebsiella pneumoniae strain PVN-1 Scaffold_10, whole genome shotgun sequence."
,,
370,NZ_JACORD010000009.1,"Klebsiella pneumoniae strain PVN-1 Scaffold_9, whole genome shotgun sequence."
,,
371,NZ_JACORD010000005.1,"Klebsiella pneumoniae strain PVN-1 Scaffold_5, whole genome shotgun sequence."
,,
372,NZ_JACORD010000003.1,"Klebsiella pneumoniae strain PVN-1 Scaffold_3, whole genome shotgun sequence."
,,
373,NZ_JACORD010000002.1,"Klebsiella pneumoniae strain PVN-1 Scaffold_2, whole genome shotgun sequence."
,,
374,NZ_REFT01000004.1,"Klebsiella pneumoniae strain KP26 (2018) NODE_4_length_324979_cov_10.4786, whole genome shotgun sequence."
,,
375,NZ_REFT01000003.1,"Klebsiella pneumoniae strain KP26 (2018) NODE_3_length_337424_cov_7.90191, whole genome shotgun sequence."
,,
376,NZ_REFT01000002.1,"Klebsiella pneumoniae strain KP26 (2018) NODE_2_length_479778_cov_9.78647, whole genome shotgun sequence."
,,
377,NZ_REFT01000001.1,"Klebsiella pneumoniae strain KP26 (2018) NODE_1_length_697498_cov_8.90071, whole genome shotgun sequence."
,,
378,NZ_QGNV01000006.1,"Klebsiella pneumoniae strain HPCN17 Scaffold_6, whole genome shotgun sequence."
,,
379,NZ_QGNV01000005.1,"Klebsiella pneumoniae strain HPCN17 Scaffold_5, whole genome shotgun sequence."
,,
380,NZ_QGNV01000004.1,"Klebsiella pneumoniae strain HPCN17 Scaffold_4, whole genome shotgun sequence."
,,
381,NZ_QGNV01000003.1,"Klebsiella pneumoniae strain HPCN17 Scaffold_3, whole genome shotgun sequence."
,,
382,NZ_QGNV01000002.1,"Klebsiella pneumoniae strain HPCN17 Scaffold_2, whole genome shotgun sequence."
,,
383,NZ_LZGC01000050.1,"Klebsiella pneumoniae strain KPF39 scaffold9xsize359404, whole genome shotgun sequence."
,,
384,NZ_LZGC01000045.1,"Klebsiella pneumoniae strain KPF39 scaffold5xsize691279-2, whole genome shotgun sequence."
,,
385,NZ_LZGC01000044.1,"Klebsiella pneumoniae strain KPF39 scaffold5xsize691279-1, whole genome shotgun sequence."
,,
386,NZ_LZGC01000042.1,"Klebsiella pneumoniae strain KPF39 scaffold4xsize380100, whole genome shotgun sequence."
,,
387,NZ_LZGC01000035.1,"Klebsiella pneumoniae strain KPF39 scaffold3xsize384834, whole genome shotgun sequence."
,,
388,NZ_LZGC01000023.1,"Klebsiella pneumoniae strain KPF39 scaffold2xsize417802, whole genome shotgun sequence."
,,
389,NZ_LZGC01000012.1,"Klebsiella pneumoniae strain KPF39 scaffold1xsize743121, whole genome shotgun sequence."
,,
390,NZ_WSLL01000004.1,"Klebsiella pneumoniae strain KBG6.2, whole genome shotgun sequence."
,,
391,NZ_WSLL01000003.1,"Klebsiella pneumoniae strain KBG6.2, whole genome shotgun sequence."
,,
392,NZ_WSLL01000002.1,"Klebsiella pneumoniae strain KBG6.2, whole genome shotgun sequence."
,,
393,NZ_MOXK01000098.1,"Klebsiella pneumoniae strain AWD5 Contig_(4191431-4512353), whole genome shotgun sequence."
,,
394,SGIY01000001.1,"Klebsiella pneumoniae strain 35DN NODE_1_length_315984_cov_27.9822_ID_1, whole genome shotgun sequence."
,,
395,SGIZ01000001.1,"Klebsiella pneumoniae strain 242CHI NODE_1_length_496607_cov_30.8187_ID_1, whole genome shotgun sequence."
,,
396,SGIZ01000002.1,"Klebsiella pneumoniae strain 242CHI NODE_2_length_458072_cov_30.9182_ID_3, whole genome shotgun sequence."
,,
397,SEHS01000001.1,"Klebsiella pneumoniae strain 76CHI NODE_1_length_380259_cov_46.1198_ID_1, whole genome shotgun sequence."
,,
398,SEHS01000002.1,"Klebsiella pneumoniae strain 76CHI NODE_2_length_301935_cov_29.5554_ID_3, whole genome shotgun sequence."
,,
399,SEHU01000001.1,"Klebsiella pneumoniae strain 86AS NODE_1_length_336197_cov_27.8823_ID_1, whole genome shotgun sequence."
,,
400,SEHQ01000001.1,"Klebsiella pneumoniae strain 55DN NODE_1_length_362442_cov_31.1283_ID_1, whole genome shotgun sequence."
,,
401,REFT01000001.1,"Klebsiella pneumoniae strain KP26 (2018) NODE_1_length_697498_cov_8.90071, whole genome shotgun sequence."
,,
402,REFT01000002.1,"Klebsiella pneumoniae strain KP26 (2018) NODE_2_length_479778_cov_9.78647, whole genome shotgun sequence."
,,
403,REFT01000003.1,"Klebsiella pneumoniae strain KP26 (2018) NODE_3_length_337424_cov_7.90191, whole genome shotgun sequence."
,,
404,REFT01000004.1,"Klebsiella pneumoniae strain KP26 (2018) NODE_4_length_324979_cov_10.4786, whole genome shotgun sequence."
,,
405,QCZC01000001.1,"Klebsiella pneumoniae strain EN5269 NODE_1_length_453461_cov_13.4545_pilon, whole genome shotgun sequence."
,,
406,QCZC01000002.1,"Klebsiella pneumoniae strain EN5269 NODE_2_length_356455_cov_14.5444_pilon, whole genome shotgun sequence."
,,
407,QCZC01000003.1,"Klebsiella pneumoniae strain EN5269 NODE_3_length_351384_cov_11.4493_pilon, whole genome shotgun sequence."
,,
408,QCZB01000002.1,"Klebsiella pneumoniae strain EN5261 NODE_2_length_453685_cov_15.0924_pilon, whole genome shotgun sequence."
,,
409,QCZB01000003.1,"Klebsiella pneumoniae strain EN5261 NODE_3_length_431683_cov_15.3898_pilon, whole genome shotgun sequence."
,,
410,QCZB01000004.1,"Klebsiella pneumoniae strain EN5261 NODE_4_length_341683_cov_16.3455_pilon, whole genome shotgun sequence."
,,
411,PYWD01000001.1,"Klebsiella pneumoniae strain EN5226 NODE_1_length_709639_cov_25.4095_pilon, whole genome shotgun sequence."
,,
412,PYWD01000002.1,"Klebsiella pneumoniae strain EN5226 NODE_2_length_576023_cov_26.9317_pilon, whole genome shotgun sequence."
,,
413,PYWD01000003.1,"Klebsiella pneumoniae strain EN5226 NODE_3_length_431683_cov_26.2739_pilon, whole genome shotgun sequence."
,,
414,PYWD01000004.1,"Klebsiella pneumoniae strain EN5226 NODE_4_length_386989_cov_27.7464_pilon, whole genome shotgun sequence."
,,
415,PYWD01000005.1,"Klebsiella pneumoniae strain EN5226 NODE_5_length_351707_cov_21.0486_pilon, whole genome shotgun sequence."
,,
416,PYWE01000002.1,"Klebsiella pneumoniae strain EN5271 NODE_2_length_431683_cov_20.0817_pilon, whole genome shotgun sequence."
,,
417,PYWE01000003.1,"Klebsiella pneumoniae strain EN5271 NODE_3_length_413317_cov_17.8005_pilon, whole genome shotgun sequence."
,,
418,PYWE01000004.1,"Klebsiella pneumoniae strain EN5271 NODE_4_length_400212_cov_17.3251_pilon, whole genome shotgun sequence."
,,
419,PYWE01000005.1,"Klebsiella pneumoniae strain EN5271 NODE_5_length_363042_cov_21.5621_pilon, whole genome shotgun sequence."
,,
420,QNQQ01000001.1,"Klebsiella pneumoniae strain HPCN22 Scaffold_1, whole genome shotgun sequence."
,,
421,QNQQ01000003.1,"Klebsiella pneumoniae strain HPCN22 Scaffold_3, whole genome shotgun sequence."
,,
422,QNQQ01000004.1,"Klebsiella pneumoniae strain HPCN22 Scaffold_4, whole genome shotgun sequence."
,,
423,QNQQ01000005.1,"Klebsiella pneumoniae strain HPCN22 Scaffold_5, whole genome shotgun sequence."
,,
424,QNQQ01000006.1,"Klebsiella pneumoniae strain HPCN22 Scaffold_6, whole genome shotgun sequence."
,,
425,QNQQ01000007.1,"Klebsiella pneumoniae strain HPCN22 Scaffold_7, whole genome shotgun sequence."
,,
426,QGNV01000002.1,"Klebsiella pneumoniae strain HPCN17 Scaffold_2, whole genome shotgun sequence."
,,
427,QGNV01000003.1,"Klebsiella pneumoniae strain HPCN17 Scaffold_3, whole genome shotgun sequence."
,,
428,QGNV01000004.1,"Klebsiella pneumoniae strain HPCN17 Scaffold_4, whole genome shotgun sequence."
,,
429,QGNV01000005.1,"Klebsiella pneumoniae strain HPCN17 Scaffold_5, whole genome shotgun sequence."
,,
430,QGNV01000006.1,"Klebsiella pneumoniae strain HPCN17 Scaffold_6, whole genome shotgun sequence."
,,
431,QGHI01000001.1,"Klebsiella pneumoniae strain HPCN5 Scaffold_1, whole genome shotgun sequence."
,,
432,QGHI01000002.1,"Klebsiella pneumoniae strain HPCN5 Scaffold_2, whole genome shotgun sequence."
,,
433,QGHI01000003.1,"Klebsiella pneumoniae strain HPCN5 Scaffold_3, whole genome shotgun sequence."
,,
434,QGHI01000004.1,"Klebsiella pneumoniae strain HPCN5 Scaffold_4, whole genome shotgun sequence."
,,
435,QGHI01000005.1,"Klebsiella pneumoniae strain HPCN5 Scaffold_5, whole genome shotgun sequence."
,,
436,QGHI01000006.1,"Klebsiella pneumoniae strain HPCN5 Scaffold_6, whole genome shotgun sequence."
,,
437,QGHI01000007.1,"Klebsiella pneumoniae strain HPCN5 Scaffold_7, whole genome shotgun sequence."
,,
438,QGHI01000008.1,"Klebsiella pneumoniae strain HPCN5 Scaffold_8, whole genome shotgun sequence."
,,
439,PYUM01000001.1,"Klebsiella pneumoniae strain PM9016 NODE_1_length_348123_cov_39.0797_ID_1, whole genome shotgun sequence."
,,
440,PYSM01000001.1,"Klebsiella pneumoniae strain VBP1492 NODE_1_length_307375_cov_37.8471_ID_1, whole genome shotgun sequence."
,,
441,PUIG01000001.1,"Klebsiella pneumoniae strain BP737 NODE_1_length_465730_cov_106.692_ID_1, whole genome shotgun sequence."
,,
442,PPXS01000001.1,"Klebsiella pneumoniae strain BA29256 NODE_1_length_555686_cov_70.6792_ID_1, whole genome shotgun sequence."
,,
443,PPXV01000001.1,"Klebsiella pneumoniae strain BA38014 NODE_1_length_323233_cov_28.0047_ID_1, whole genome shotgun sequence."
,,
444,PPXV01000002.1,"Klebsiella pneumoniae strain BA38014 NODE_2_length_300487_cov_20.4241_ID_3, whole genome shotgun sequence."
,,
445,LZGC01000012.1,"Klebsiella pneumoniae strain KPF39 scaffold1xsize743121, whole genome shotgun sequence."
,,
446,LZGC01000023.1,"Klebsiella pneumoniae strain KPF39 scaffold2xsize417802, whole genome shotgun sequence."
,,
447,LZGC01000035.1,"Klebsiella pneumoniae strain KPF39 scaffold3xsize384834, whole genome shotgun sequence."
,,
448,LZGC01000042.1,"Klebsiella pneumoniae strain KPF39 scaffold4xsize380100, whole genome shotgun sequence."
,,
449,LZGC01000044.1,"Klebsiella pneumoniae strain KPF39 scaffold5xsize691279-1, whole genome shotgun sequence."
,,
450,LZGC01000045.1,"Klebsiella pneumoniae strain KPF39 scaffold5xsize691279-2, whole genome shotgun sequence."
,,
451,LZGC01000050.1,"Klebsiella pneumoniae strain KPF39 scaffold9xsize359404, whole genome shotgun sequence."
,,
452,PKOK01000001.1,"Klebsiella pneumoniae strain BA1625 NODE_1_length_345407_cov_18.6755_ID_1, whole genome shotgun sequence."
,,
453,PKOK01000002.1,"Klebsiella pneumoniae strain BA1625 NODE_2_length_339406_cov_17.9039_ID_3, whole genome shotgun sequence."
,,
454,PJQK01000001.1,"Klebsiella pneumoniae strain C13 NODE_1_length_337764_cov_49.3389_ID_1, whole genome shotgun sequence."
,,
455,PJQK01000002.1,"Klebsiella pneumoniae strain C13 NODE_2_length_300175_cov_33.2417_ID_3, whole genome shotgun sequence."
,,
456,PJOP01000001.1,"Klebsiella pneumoniae strain BA2908 NODE_1_length_368971_cov_17.9516_ID_1, whole genome shotgun sequence."
,,
457,PJOP01000002.1,"Klebsiella pneumoniae strain BA2908 NODE_2_length_323906_cov_13.6302_ID_3, whole genome shotgun sequence."
,,
458,PJOP01000003.1,"Klebsiella pneumoniae strain BA2908 NODE_3_length_322782_cov_20.0033_ID_5, whole genome shotgun sequence."
,,
459,NSEC01000001.1,"Klebsiella pneumoniae strain VB1347 NODE_1_length_379763_cov_26.4617_ID_1, whole genome shotgun sequence."
,,
460,NSEC01000002.1,"Klebsiella pneumoniae strain VB1347 NODE_2_length_310282_cov_17.534_ID_3, whole genome shotgun sequence."
,,
461,NSCV01000001.1,"Klebsiella pneumoniae strain VBA3720 NODE_1_length_344699_cov_36.6511_ID_1, whole genome shotgun sequence."
,,
462,NSCV01000002.1,"Klebsiella pneumoniae strain VBA3720 NODE_2_length_337743_cov_41.4812_ID_3, whole genome shotgun sequence."
,,
463,NQMT01000001.1,"Klebsiella pneumoniae strain KpIMS38 NODE_1_length_368502_cov_73.2417_ID_1, whole genome shotgun sequence."
,,
464,NQMT01000002.1,"Klebsiella pneumoniae strain KpIMS38 NODE_2_length_322528_cov_69.9462_ID_3, whole genome shotgun sequence."
,,
465,NRIS01000001.1,"Enterobacter cloacae strain EspIMS6 NODE_1_length_340399_cov_126.162_ID_1, whole genome shotgun sequence."
,,
466,NRIS01000002.1,"Enterobacter cloacae strain EspIMS6 NODE_2_length_335289_cov_104.182_ID_3, whole genome shotgun sequence."
,,
467,NRIS01000003.1,"Enterobacter cloacae strain EspIMS6 NODE_3_length_312472_cov_71.2439_ID_5, whole genome shotgun sequence."
,,
468,NRIS01000004.1,"Enterobacter cloacae strain EspIMS6 NODE_4_length_305921_cov_97.7792_ID_7, whole genome shotgun sequence."
,,
469,NMPY01000001.1,"Klebsiella quasipneumoniae strain DL5.4 NODE_1_length_323802_cov_57.7269_ID_1, whole genome shotgun sequence."
,,
470,NXFO01000001.1,"Klebsiella pneumoniae strain C22 NODE_1_length_337767_cov_34.5408_ID_1, whole genome shotgun sequence."
,,
471,NXFM01000001.1,"Klebsiella pneumoniae strain C17 NODE_1_length_388294_cov_36.3526_ID_1, whole genome shotgun sequence."
,,
472,NXFM01000002.1,"Klebsiella pneumoniae strain C17 NODE_2_length_355013_cov_41.1638_ID_3, whole genome shotgun sequence."
,,
473,NXFM01000003.1,"Klebsiella pneumoniae strain C17 NODE_3_length_337773_cov_47.7032_ID_5, whole genome shotgun sequence."
,,
474,NXFM01000004.1,"Klebsiella pneumoniae strain C17 NODE_4_length_319087_cov_33.7388_ID_7, whole genome shotgun sequence."
,,
475,NXFM01000005.1,"Klebsiella pneumoniae strain C17 NODE_5_length_300261_cov_29.7789_ID_9, whole genome shotgun sequence."
,,
476,NXFL01000001.1,"Klebsiella pneumoniae strain C16 NODE_1_length_328886_cov_28.1509_ID_1, whole genome shotgun sequence."
,,
477,NXFN01000001.1,"Klebsiella pneumoniae strain C18 NODE_1_length_526660_cov_35.8133_ID_1, whole genome shotgun sequence."
,,
478,NXFN01000002.1,"Klebsiella pneumoniae strain C18 NODE_2_length_337766_cov_46.2946_ID_3, whole genome shotgun sequence."
,,
479,NXFN01000003.1,"Klebsiella pneumoniae strain C18 NODE_3_length_309081_cov_30.7111_ID_5, whole genome shotgun sequence."
,,
480,NXFN01000004.1,"Klebsiella pneumoniae strain C18 NODE_4_length_300215_cov_31.3508_ID_7, whole genome shotgun sequence."
,,
481,NXFK01000001.1,"Klebsiella pneumoniae strain C15 NODE_1_length_526654_cov_46.6705_ID_1, whole genome shotgun sequence."
,,
482,NXFK01000002.1,"Klebsiella pneumoniae strain C15 NODE_2_length_388278_cov_50.1426_ID_3, whole genome shotgun sequence."
,,
483,NXFK01000003.1,"Klebsiella pneumoniae strain C15 NODE_3_length_337765_cov_64.5956_ID_5, whole genome shotgun sequence."
,,
484,NXFK01000004.1,"Klebsiella pneumoniae strain C15 NODE_4_length_332276_cov_37.3027_ID_7, whole genome shotgun sequence."
,,
485,NXFK01000005.1,"Klebsiella pneumoniae strain C15 NODE_5_length_300332_cov_41.1135_ID_9, whole genome shotgun sequence."
,,
486,NXFJ01000001.1,"Klebsiella pneumoniae strain C12 NODE_1_length_371873_cov_31.8036_ID_1, whole genome shotgun sequence."
,,
487,NXDU01000001.1,"Klebsiella pneumoniae strain C8 NODE_1_length_337753_cov_31.031_ID_1, whole genome shotgun sequence."
,,
488,NXDT01000001.1,"Klebsiella pneumoniae strain C7 NODE_1_length_555668_cov_41.4405_ID_1, whole genome shotgun sequence."
,,
489,NXDT01000002.1,"Klebsiella pneumoniae strain C7 NODE_2_length_326025_cov_36.2395_ID_3, whole genome shotgun sequence."
,,
490,NXDS01000001.1,"Klebsiella pneumoniae strain C6 NODE_1_length_354961_cov_47.0069_ID_1, whole genome shotgun sequence."
,,
491,NXDS01000002.1,"Klebsiella pneumoniae strain C6 NODE_2_length_337761_cov_54.5036_ID_3, whole genome shotgun sequence."
,,
492,NXDS01000003.1,"Klebsiella pneumoniae strain C6 NODE_3_length_300151_cov_34.3114_ID_5, whole genome shotgun sequence."
,,
493,NXDR01000001.1,"Klebsiella pneumoniae strain C5 NODE_1_length_526511_cov_57.1642_ID_1, whole genome shotgun sequence."
,,
494,NXDR01000002.1,"Klebsiella pneumoniae strain C5 NODE_2_length_337771_cov_71.9659_ID_3, whole genome shotgun sequence."
,,
495,NXDR01000003.1,"Klebsiella pneumoniae strain C5 NODE_3_length_333110_cov_47.3241_ID_5, whole genome shotgun sequence."
,,
496,NXDR01000004.1,"Klebsiella pneumoniae strain C5 NODE_4_length_300210_cov_51.0139_ID_7, whole genome shotgun sequence."
,,
497,NXDQ01000001.1,"Klebsiella pneumoniae strain C4 NODE_1_length_381015_cov_32.2298_ID_1, whole genome shotgun sequence."
,,
498,NXDQ01000002.1,"Klebsiella pneumoniae strain C4 NODE_2_length_337762_cov_44.989_ID_3, whole genome shotgun sequence."
,,
499,NWVU01000001.1,"Klebsiella pneumoniae strain C3 NODE_1_length_337759_cov_39.2647_ID_1, whole genome shotgun sequence."
,,
500,NWVU01000002.1,"Klebsiella pneumoniae strain C3 NODE_2_length_309015_cov_26.3921_ID_3, whole genome shotgun sequence."
,,
501,NWUP01000001.1,"Klebsiella pneumoniae strain C1 NODE_1_length_388289_cov_66.8655_ID_1, whole genome shotgun sequence."
,,
502,NWUP01000002.1,"Klebsiella pneumoniae strain C1 NODE_2_length_362641_cov_61.7161_ID_3, whole genome shotgun sequence."
,,
503,NWUP01000003.1,"Klebsiella pneumoniae strain C1 NODE_3_length_337772_cov_88.8787_ID_5, whole genome shotgun sequence."
,,
504,NWUP01000004.1,"Klebsiella pneumoniae strain C1 NODE_4_length_300183_cov_55.5975_ID_7, whole genome shotgun sequence."
,,
505,NTHS01000001.1,"Klebsiella pneumoniae strain BA2817 NODE_1_length_438626_cov_35.0434_ID_1, whole genome shotgun sequence."
,,
506,NTHS01000002.1,"Klebsiella pneumoniae strain BA2817 NODE_2_length_372369_cov_43.4598_ID_3, whole genome shotgun sequence."
,,
507,NTHS01000003.1,"Klebsiella pneumoniae strain BA2817 NODE_3_length_359486_cov_29.5128_ID_5, whole genome shotgun sequence."
,,
508,NTHS01000004.1,"Klebsiella pneumoniae strain BA2817 NODE_4_length_348458_cov_38.9368_ID_7, whole genome shotgun sequence."
,,
509,NTHS01000005.1,"Klebsiella pneumoniae strain BA2817 NODE_5_length_301792_cov_23.6574_ID_9, whole genome shotgun sequence."
,,
510,MZXR01000041.1,"Klebsiella pneumoniae strain OK8 jcf7180000003511, whole genome shotgun sequence."
,,
511,MZXR01000044.1,"Klebsiella pneumoniae strain OK8 jcf7180000003514, whole genome shotgun sequence."
,,
512,MZXR01000046.1,"Klebsiella pneumoniae strain OK8 jcf7180000003516, whole genome shotgun sequence."
,,
513,MZXR01000048.1,"Klebsiella pneumoniae strain OK8 jcf7180000003518, whole genome shotgun sequence."
,,
514,MZXR01000064.1,"Klebsiella pneumoniae strain OK8 jcf7180000003534, whole genome shotgun sequence."
,,
515,MIEJ01000109.1,"Klebsiella pneumoniae strain B16470 NODE_1_length_675306_cov_20.469_ID_1, whole genome shotgun sequence."
,,
516,MPCT01000001.1,"Klebsiella pneumoniae strain CMC_VB34444 NODE_1_length_458891_cov_27.028_ID_1, whole genome shotgun sequence."
,,
517,MNPG01000001.1,"Klebsiella pneumoniae strain PM138 NODE_1_length_561579_cov_23.0113_ID_1, whole genome shotgun sequence."
,,
518,MNPH01000001.1,"Klebsiella pneumoniae strain PM716 NODE_1_length_349692_cov_23.4308_ID_1, whole genome shotgun sequence."
,,
519,MNPF01000001.1,"Klebsiella pneumoniae strain PM1134 NODE_1_length_333549_cov_26.2964_ID_1, whole genome shotgun sequence."
,,
520,MNPE01000001.1,"Klebsiella pneumoniae strain PM5186 NODE_1_length_356605_cov_27.152_ID_1, whole genome shotgun sequence."
,,
521,MNPE01000002.1,"Klebsiella pneumoniae strain PM5186 NODE_2_length_354929_cov_24.0075_ID_3, whole genome shotgun sequence."
,,
522,MNPD01000001.1,"Klebsiella pneumoniae strain PM1995 NODE_1_length_756863_cov_32.0476_ID_1, whole genome shotgun sequence."
,,
523,MNPD01000002.1,"Klebsiella pneumoniae strain PM1995 NODE_2_length_415964_cov_23.5658_ID_3, whole genome shotgun sequence."
,,
524,MNPD01000003.1,"Klebsiella pneumoniae strain PM1995 NODE_3_length_391647_cov_28.0132_ID_5, whole genome shotgun sequence."
,,
525,MNPD01000004.1,"Klebsiella pneumoniae strain PM1995 NODE_4_length_383508_cov_25.5691_ID_7, whole genome shotgun sequence."
,,
526,MNPA01000001.1,"Klebsiella pneumoniae strain PM1168 NODE_1_length_467970_cov_18.1266_ID_1, whole genome shotgun sequence."
,,
527,MNPA01000002.1,"Klebsiella pneumoniae strain PM1168 NODE_2_length_337766_cov_21.2868_ID_3, whole genome shotgun sequence."
,,
528,MNPA01000003.1,"Klebsiella pneumoniae strain PM1168 NODE_3_length_307965_cov_19.2493_ID_5, whole genome shotgun sequence."
,,
529,MNPB01000001.1,"Klebsiella pneumoniae strain PM565 NODE_1_length_561557_cov_25.5044_ID_1, whole genome shotgun sequence."
,,
530,MNPB01000002.1,"Klebsiella pneumoniae strain PM565 NODE_2_length_320727_cov_19.9847_ID_3, whole genome shotgun sequence."
,,
531,MNPC01000001.1,"Klebsiella pneumoniae strain PM1842 NODE_1_length_532559_cov_22.8309_ID_1, whole genome shotgun sequence."
,,
532,MNPC01000002.1,"Klebsiella pneumoniae strain PM1842 NODE_2_length_304083_cov_29.9339_ID_3, whole genome shotgun sequence."
,,
533,MOXK01000098.1,"Klebsiella pneumoniae strain AWD5 Contig_(4191431-4512353), whole genome shotgun sequence."
,,
534,MOXM01000001.1,"Klebsiella pneumoniae strain CMC_VB13923 NODE_1_length_411924_cov_16.1179_ID_1, whole genome shotgun sequence."
,,
535,MOXN01000001.1,"Klebsiella pneumoniae strain CMC_VB5505 NODE_1_length_380916_cov_25.9251_ID_1, whole genome shotgun sequence."
,,
536,MOXN01000002.1,"Klebsiella pneumoniae strain CMC_VB5505 NODE_2_length_356614_cov_26.7178_ID_3, whole genome shotgun sequence."
,,
537,MOXN01000003.1,"Klebsiella pneumoniae strain CMC_VB5505 NODE_3_length_354732_cov_23.0484_ID_5, whole genome shotgun sequence."
,,
538,MOXN01000004.1,"Klebsiella pneumoniae strain CMC_VB5505 NODE_4_length_354467_cov_13.4958_ID_7, whole genome shotgun sequence."
,,
539,MOXN01000005.1,"Klebsiella pneumoniae strain CMC_VB5505 NODE_5_length_331840_cov_18.8178_ID_9, whole genome shotgun sequence."
,,
540,MOXL01000001.1,"Klebsiella pneumoniae strain CMC_VB35168 NODE_1_length_566554_cov_39.316_ID_1, whole genome shotgun sequence."
,,
541,MOXL01000002.1,"Klebsiella pneumoniae strain CMC_VB35168 NODE_2_length_460705_cov_31.7003_ID_3, whole genome shotgun sequence."
,,
542,MOXL01000003.1,"Klebsiella pneumoniae strain CMC_VB35168 NODE_3_length_450685_cov_29.7904_ID_5, whole genome shotgun sequence."
,,
543,MOXL01000004.1,"Klebsiella pneumoniae strain CMC_VB35168 NODE_4_length_388246_cov_40.6549_ID_7, whole genome shotgun sequence."
,,
544,MOXL01000005.1,"Klebsiella pneumoniae strain CMC_VB35168 NODE_5_length_337756_cov_52.7208_ID_9, whole genome shotgun sequence."
,,
545,MOXL01000006.1,"Klebsiella pneumoniae strain CMC_VB35168 NODE_6_length_334094_cov_38.4641_ID_11, whole genome shotgun sequence."
,,
546,MDZG01000053.1,"Klebsiella pneumoniae strain CMC_VB4175 NODE_1_length_385589_cov_15.9715_ID_1, whole genome shotgun sequence."
,,
547,MDZG01000064.1,"Klebsiella pneumoniae strain CMC_VB4175 NODE_2_length_356620_cov_24.4894_ID_3, whole genome shotgun sequence."
,,
548,MDZG01000075.1,"Klebsiella pneumoniae strain CMC_VB4175 NODE_3_length_354943_cov_21.1732_ID_5, whole genome shotgun sequence."
,,
549,MDZG01000086.1,"Klebsiella pneumoniae strain CMC_VB4175 NODE_4_length_332354_cov_13.2858_ID_7, whole genome shotgun sequence."
,,
550,MBQC01000055.1,"Klebsiella pneumoniae strain B3639 NODE_1_length_642453_cov_38.4057_ID_1, whole genome shotgun sequence."
,,
551,MBQC01000066.1,"Klebsiella pneumoniae strain B3639 NODE_2_length_385944_cov_31.9014_ID_3, whole genome shotgun sequence."
,,
552,MBQC01000077.1,"Klebsiella pneumoniae strain B3639 NODE_3_length_349609_cov_41.7833_ID_5, whole genome shotgun sequence."
,,
553,MBQC01000088.1,"Klebsiella pneumoniae strain B3639 NODE_4_length_327622_cov_47.3393_ID_7, whole genome shotgun sequence."
,,
554,MCFQ01000111.1,"Klebsiella pneumoniae strain B20143 NODE_1_length_561602_cov_24.3368_ID_1, whole genome shotgun sequence."
,,
555,MCFQ01000149.1,"Klebsiella pneumoniae strain B20143 NODE_2_length_320302_cov_17.3983_ID_3, whole genome shotgun sequence."
,,
556,MCFP01000111.1,"Klebsiella pneumoniae strain B20038 NODE_1_length_379942_cov_24.5411_ID_1, whole genome shotgun sequence."
,,
557,MCFO01000083.1,"Klebsiella pneumoniae strain B1647 NODE_1_length_337597_cov_19.5698_ID_1, whole genome shotgun sequence."
,,
558,MBFY01000099.1,"Klebsiella pneumoniae strain B3789 NODE_1_length_301124_cov_19.916_ID_1, whole genome shotgun sequence."
,,
559,LZPA01000599.1,"Klebsiella pneumoniae strain B9888 NODE_1_length_327728_cov_11.5621_ID_1, whole genome shotgun sequence."
,,
560,LZYA01000011.1,"Klebsiella pneumoniae strain BA253 NODE_1_length_450655_cov_45.3261_ID_1, whole genome shotgun sequence."
,,
561,LZYA01000022.1,"Klebsiella pneumoniae strain BA253 NODE_2_length_440707_cov_37.2757_ID_3, whole genome shotgun sequence."
,,
562,LZYA01000033.1,"Klebsiella pneumoniae strain BA253 NODE_3_length_321707_cov_38.448_ID_5, whole genome shotgun sequence."
,,
563,LYYE01000111.1,"Klebsiella pneumoniae strain B7868 NODE_1_length_556922_cov_11.2905_ID_1, whole genome shotgun sequence."
,,
564,LYYE01000222.1,"Klebsiella pneumoniae strain B7868 NODE_2_length_501137_cov_12.3456_ID_3, whole genome shotgun sequence."
,,
565,LZYN01000111.1,"Klebsiella pneumoniae strain BA41763 NODE_1_length_515287_cov_12.776_ID_1, whole genome shotgun sequence."
,,
566,LYYE01000333.1,"Klebsiella pneumoniae strain B7868 NODE_3_length_490003_cov_16.8692_ID_5, whole genome shotgun sequence."
,,
567,LZYN01000222.1,"Klebsiella pneumoniae strain BA41763 NODE_2_length_399305_cov_12.8243_ID_3, whole genome shotgun sequence."
,,
568,LYYE01000444.1,"Klebsiella pneumoniae strain B7868 NODE_4_length_366180_cov_12.2211_ID_7, whole genome shotgun sequence."
,,
569,LYYE01000521.1,"Klebsiella pneumoniae strain B7868 NODE_5_length_361825_cov_16.3631_ID_9, whole genome shotgun sequence."
,,
570,LYYE01000532.1,"Klebsiella pneumoniae strain B7868 NODE_6_length_327107_cov_15.3925_ID_11, whole genome shotgun sequence."
